<?xml version="1.0" encoding="UTF-8"?>
<project-private xmlns="http://www.netbeans.org/ns/project-private/1">
    <data xmlns="http://www.netbeans.org/ns/make-project-private/1">
        <activeConfTypeElem>1</activeConfTypeElem>
        <activeConfIndexElem>0</activeConfIndexElem>
    </data>
    <editor-bookmarks xmlns="http://www.netbeans.org/ns/editor-bookmarks/2" lastBookmarkId="0"/>
    <open-files xmlns="http://www.netbeans.org/ns/projectui-open-files/2">
        <group name="fp">
            <file>file:/C:/Users/oscar/Documents/Projects/temp/testeC/main.c</file>
        </group>
        <group name="temp">
            <file>file:/C:/Users/oscar/Documents/Projects/temp/testeC/main.c</file>
        </group>
        <group name="ED-2020-2021">
            <file>file:/C:/Users/oscar/Documents/Projects/temp/testeC/main.c</file>
        </group>
        <group name="Aula">
            <file>file:/C:/Users/oscar/Documents/Projects/temp/testeC/main.c</file>
        </group>
        <group name="Tests">
            <file>file:/C:/Users/oscar/Documents/Projects/estg/fp/Aula-7%20-%20avaliacao/teste-modelo/teste-modelo/main.c</file>
        </group>
        <group>
            <file>file:/C:/Users/oscar/OneDrive%20-%20Instituto%20Politécnico%20do%20Porto/Documents/estg/2021-2022/sem1/FP/aulas/07-Revisoes-e-Exercicios/teste-1-modelo/resolucao/main.c</file>
        </group>
    </open-files>
</project-private>
